id,user_id,username,password,signature
1,1,bishi,0,
2,2,碧诗,0,kami.im 直男过气网红 # av362830 “We Are Star Dust”
3,3,囧囧倉,0,富强、民主、文明、和谐、自由、平等、公正、法治、爱国、敬业、诚信、友善。
4,4,枢木朱雀,0,有问题请自行联系解决
5,5,幻想乡,0,
6,6,腹黑君,0,
7,7,Tzwcard,0,にじさんじが大好き 謝謝茄子 头像：江良ちゃん by またのんき▼先生
8,8,Lizeqiangds,0,有空来微博找我哦 @Lizeqinagd
9,9,柴刀娘木木,0,双马尾即是正义！！【萌二小黑屋裙：111343151】家里供着两个主子：biubiu（母，纯白，中华田园）和皮卡丘（公，海豹重点布偶）
10,10,橙卡-bydmm,0,Golang CRUD杂耍大师
11,11,春哥,0,
12,12,MagicBear,0,我是魔熊 MB 头像是我们家 皮卡丘 UID 9 我老婆
13,13,Frerik,0,
14,14,初音ミク,0,2020-07-14 已考古人数 253 ～(￣▽￣～)~
15,15,Nico,0,没签名
16,16,荼荼丸,0,现在专心做游戏ing，带项目忙，偶尔出没。
17,17,WEIghtness,0,包括但不仅限于“活了”，“考古”，“不要考古”等无意义评论会被删除并拉黑。
18,18,暁の赤月,0,YUI ~にゃん~
19,19,大大大罐头,0,来考古的留步一下了解下铃木实里啊，谢谢！
20,20,恶魔晓月曲,0,你可以在很多地方看到我。
21,21,,0,
22,24,不思議,0,"No Music,No Life."
23,25,忙碌的呆瓜,0,2020/7/18
24,26,En1ightened,0,"漫天的我滴到地上,树种的我发芽了，而你在想着我。"
25,27,feng,0,
26,28,IamLogos,0,
27,29,管理員,0,***************
28,30,堆堆堆堆堆堆堆堆堆堆,0,不卖号别问了 球球你们
29,31,習子,0,
30,32,一条黑黑,0,小朋友们，别考古了。
31,33,山寨荼荼丸1号,0,这只是一件戏服而已
32,34,右肩の蝶,0,别问，活着
33,35,愛在二次元,0,絢辻さんの下僕です。
34,36,芙兰朵露斯卡雷特,0,愛在二次元
35,37,折射,0,Up主≠作者，除非标明原创的投稿，其余搬运类视频询问事项不予以回复，请各位知悉。
36,38,山吹吹sho,0,LOFTER：http://tshooo.lofter.com/
37,39,Black★RockShooter,0,
38,40,周杰伦的秘密,0,周杰伦
39,41,不祥之赵,0,
40,42,超氪金月饼,0,还没开饭？
41,43,梦境之里,0,
42,44,带红点的白馒头,0,
43,45,绯色砕月,0,
44,46,藤原妹红,0,额
45,47,homil,0,栖息着双份灵魂
46,48,钦崽,0,
47,49,家具屋,0,
48,50,風見幽香,0,
49,51,PAD长的小刀,0,求米
50,52,RinNe,0,
51,53,铃仙_,0,
52,54,菜刀武士,0,
53,55,Aquaticdynasty,0,
54,56,雷小囧,0,
55,57,OH4K_COM,0,
56,58,满座衣冠皆老朽,0,满座衣冠皆老朽
57,59,saki,0,人間失格
58,60,钉宫理惠,0,ぺったん、ぺったん　ツルペったん
59,61,时雨kana,0,万华镜的世界...
60,62,snsjdidjsmmsdn,0,不用真名因为想说真话。
61,63,法国元帅贝尔纳多特,0,
62,64,***,0,
63,65,琪露诺,0,
64,66,IZONE我的世界我的光,0,就算IZONE合约期只剩下一天，我也会一直饭到底为止。考古的小伙伴也喜欢IZONE的话，可以加我QQ群222369051
65,67,亜理须,0,密码总是想不起来…
66,68,安心作梦,0,https://share.weiyun.com/olKAYO9E　解压码jealousymakesmegotohell
67,69,灥淼,0,
68,70,伊拉龙,0,
69,71,時間の旅人,0,上岸上岸
70,72,岑,0,
71,73,wei1kuan2b,0,没得手机绑，不让回私信，还活着，么么哒
72,74,魂魄妖奕,0,
73,75,丸子,0,还望关注+三连支持 商务合作请私信
74,76,涼蝦,0,认真你就输了
75,77,PAD,0,
76,78,雾雨魔理沙,0,
77,79,saber酱,0,个人微博：http://weibo.com/saberchanchan/
78,80,囧.史密斯,0,
79,81,Cyberdreams,0,
80,82,梦游一生,0,号找回来了，还是恢复这个号这么多年来平平静静的状态吧，删掉这些纷争只是想回归从前，不是怕某些人，就这样吧，谢谢大家。
81,83,妹樣,0,
82,84,jianjss,0,
83,85,kikb,0,
84,86,油条のetsp,0,1234
85,87,考砸,0,
86,88,监督,0,
87,89,水银灯の忧郁,0,烦啊，烦啊，烦
88,90,此號出售,0,性感账号，在线出售
89,91,万能貳濕仁波不切,0,"“Frankly, my dear, I dont give a damn.” "
90,92,kaze,0,
91,93,病院坂琉璃,0,
92,94,NEKO-MIMI,0,
93,95,小狗,0,此账号已被封禁
94,96,辛德瑞拉,0,不卖谢谢
95,97,投影消逝中,0,weibo.com/naimensoliton 转眼三年三年又三年
96,98,黑暗新星,0,レンきゅんなう！レンきゅんなう！レンきゅんレンきゅんレンきゅんなう！
97,99,园长豆豆,0,
